# 날짜 : 2024/01/11
# 이름 : 이예나
# 내용 : SQL 연습문제4

create database `Bookstore`;
create user 'bookstore'@'%' identified by '1234';
grant all privileges on `Bookstore`.*TO 'bookstore'@'%';
grant all privileges on `Bookstore`.*TO 'dpsk3048'@'%';
flush privileges;

drop table `order`;

#실습4-2
CREATE TABLE `Customer`(
	`custId`		INT AUTO_INCREMENT PRIMARY KEY,
	`name` 		VARCHAR(10) NOT NULL,
	`address` 	VARCHAR(20),
	`phone` 		CHAR(13)
);

CREATE TABLE `Book` (
	`bookId`    INT NOT NULL PRIMARY KEY,
	`bookName`  VARCHAR(20) NOT NULL,
	`publisher` VARCHAR(20) NOT NULL,
	`price`     INT
);

CREATE TABLE `Order`(
	`orderId` 	INT PRIMARY KEY AUTO_INCREMENT,
	`custId`		INT NOT NULL,
	`bookId` 	INT NOT NULL,
	`salePrice` INT NOT NULL,
	`orderDate` DATE NOT NULL
);

#실습4-3
INSERT INTO `Customer`(`name`,`address`,`phone`) VALUES ('박지성', '영국 맨체스타',   '000-5000-0001');
INSERT INTO `Customer`(`name`,`address`,`phone`) VALUES ('김연아', '대한민국 서울',   '000-6000-0001');
INSERT INTO `Customer`(`name`,`address`,`phone`) VALUES ('장미란', '대한민국 강원도', '000-7000-0001');
INSERT INTO `Customer`(`name`,`address`,`phone`) VALUES ('추신수', '미국 클리블랜드', '000-8000-0001');
INSERT INTO `Customer`(`name`,`address`) VALUES ('박세리', '대한민국 대전');

INSERT INTO `Book` VALUES (1, '축구의 역사',        '굿스포츠',   7000);
INSERT INTO `Book` VALUES (2, '축구아는 여자',      '나무수',     13000);
INSERT INTO `Book` VALUES (3, '축구의 이해',        '대한미디어', 22000);
INSERT INTO `Book` VALUES (4, '골프 바이블',        '대한미디어', 35000);
INSERT INTO `Book` VALUES (5, '피겨 교본',          '굿스포츠',   8000);
INSERT INTO `Book` VALUES (6, '역도 단계별기술',    '굿스포츠',   6000);
INSERT INTO `Book` VALUES (7, '야구의 추억',        '이상미디어', 20000);
INSERT INTO `Book` VALUES (8, '야구를 부탁해',      '이상미디어', 13000);
INSERT INTO `Book` VALUES (9, '올림픽 이야기',      '삼성당',     7500);
INSERT INTO `Book` VALUES (10, 'Olympic Champions', 'Pearson',    13000);

INSERT INTO `Order`(`custId`,`bookId`,`salePrice`,`orderDate`) VALUES (1, 1,6000,'2014-07-01');
INSERT INTO `Order`(`custId`,`bookId`,`salePrice`,`orderDate`) VALUES (1, 3,21000,'2014-07-03');
INSERT INTO `Order`(`custId`,`bookId`,`salePrice`,`orderDate`) VALUES (2, 5,8000,'2014-07-03');
INSERT INTO `Order`(`custId`,`bookId`,`salePrice`,`orderDate`) VALUES (3, 6,6000,'2014-07-04');
INSERT INTO `Order`(`custId`,`bookId`,`salePrice`,`orderDate`) VALUES (4, 7,20000,'2014-07-05');
INSERT INTO `Order`(`custId`,`bookId`,`salePrice`,`orderDate`) VALUES (1, 2,12000,'2014-07-07');
INSERT INTO `Order`(`custId`,`bookId`,`salePrice`,`orderDate`) VALUES (4, 8,13000,'2014-07-07');
INSERT INTO `Order`(`custId`,`bookId`,`salePrice`,`orderDate`) VALUES (3,10,12000,'2014-07-08');
INSERT INTO `Order`(`custId`,`bookId`,`salePrice`,`orderDate`) VALUES (2,10,7000,'2014-07-09');
INSERT INTO `Order`(`custId`,`bookId`,`salePrice`,`orderDate`) VALUES (3, 8,13000,'2014-07-10');

#실습 4-4
SELECT `custId`, `name`, `address` FROM `Customer`;

#실습 4-5
SELECT `bookName`, `price` FROM `Book`;

#실습 4-6
SELECT `price`, `bookName` FROM `Book`;

#실습 4-7
SELECT * FROM `Book`;

#실습 4-8
SELECT `publisher` FROM `Book`;

#실습 4-9
SELECT DISTINCT `publisher` FROM `Book`;
SELECT `publisher` FROM `Book` GROUP BY `publisher`;

#실습 4-10
SELECT * FROM `Book` WHERE `price` >= 20000;

#실습 4-11
SELECT * FROM `Book` WHERE `price` < 20000;

#실습 4-12
SELECT * FROM `Book` WHERE `price` >= 10000 AND `price` <= 20000;
SELECT * FROM `Book` WHERE `price` BETWEEN 10000 AND 20000;

#실습 4-13
SELECT 
	`bookid`,
    `bookname`,
    `price`
FROM 
	`Book` 
WHERE 
	`price` >= 15000 AND `price` <= 30000;

#실습 4-14
SELECT * FROM `Book` WHERE `bookId`=2 OR `bookId`=3 OR `bookId`=5;
SELECT * FROM `Book` WHERE `bookId` IN (2, 3, 5);

#실습 4-15
SELECT * FROM `Book` WHERE `bookId` % 2 = 0;
SELECT * FROM `Book` WHERE MOD(`bookId`, 2) = 0;

#실습 4-16
SELECT * FROM `Customer` WHERE `name` LIKE '박%';

#실습 4-17
SELECT * FROM `Customer` WHERE `address` LIKE '%대한민국%';

#실습 4-18
SELECT * FROM `Customer` WHERE `phone` IS NOT NULL;

#실습 4-19
select * from `Book` Where `publisher`='굿스포츠' or `publisher`='대한미디어'; 
select * from `Book` Where `publisher` IN ('굿스포츠', '대한미디어'); 

#실습 4-20
SELECT `publisher` FROM `Book` WHERE `bookName`='축구의 역사';


#실습 4-21
select * from `Book` where `bookname` like '%축구%';

#실습 4-22
select * from `Book` where `bookname` like '_구%';

#실습 4-23
select * from `Book` where `bookname` like '%축구%' and `price` >= 20000;


#실습 4-24
select * from `Book` order by `bookName`;


#실습 4-25
select * from `Book` order by `price`, `bookName`;


#실습 4-26
select * from `Book` order by `price` DESC, `publisher` ASC;

#실습 4-27
select * from `Book` order by `price` DESC LIMIT 3;

#실습 4-28
select * from `Book` order by `price` ASC LIMIT 3;

#실습 4-29
select SUM(`salePrice`) as `총판매액` from `Order`;


#실습 4-30
select 
	SUM(`salePrice`) as `총판매액`,
	AVG(`salePrice`) as `평균`,
	MIN(`salePrice`) as `최저`,
	MAX(`salePrice`) as `최고`
from `Order`;

#실습 4-31
select Count(1) as `판매건수` from `Order`;

#실습 4-32
select 
	`bookId`,
    REPLACE(`bookName`, '야구', '농구') as `bookname`,
    `publisher`,
    `price`
from `Book`;

#실습 4-33
select 
	`custId`,
    COUNT(*) AS `수량`
from `Order` 
where `salePrice` >= 8000
group by `custId`
having `수량` >= 2
order by `custId`;


#실습 4-34
select * from `Customer` as a
JOIN `Order` as b ON a.custId = b.custId;

select * from `Customer` JOIN `Order` Using (`custId`);

select 
	* 
from 
	`Customer` as a, 
    `Order`    as b 
WHERE 
	a.`custId` = b.`custId`;

#실습 4-35
select * from `Customer` as a
JOIN `Order` as b ON a.custId = b.custId
order by a.`custId`;

#실습 4-36
select 
	`name`,
    `salePrice`
from `Customer` as a
JOIN `Order` as b ON a.custId = b.custId
order by a.`custId`;


#실습 4-37
select 
	`name`,
    SUM(`salePrice`)
from `Customer` as a
JOIN `Order` as b ON a.custId = b.custId
group by `name`
Order by `name`;

#실습 4-38
select 
	`name`,
    `bookName`
FROM `Customer` AS a 
JOIN `Order` AS b ON a.custId = b.custId
JOIN `Book` AS c ON b.bookId = c.bookId;

#실습 4-39
select 
	`name`,
    `bookName`
FROM `Customer` AS a 
JOIN `Order` AS b ON a.custId = b.custId
JOIN `Book` AS c ON b.bookId = c.bookId
where `price`=20000;


#실습 4-40
select 
	`name`,
    `saleprice`
FROM `Customer` AS a 
LEFT JOIN `Order` AS b ON a.custId = b.custId;

#실습 4-41
select 
	SUM(`salePrice`) as `총매출`
FROM `Customer` AS a 
JOIN `Order` AS b ON a.custId = b.custId
where `name`='김연아';


SELECT 
	SUM(`salePrice`) AS `총매출`
FROM `Order`
WHERE `custId`=(SELECT `custId` FROM `Customer` WHERE `name`='김연아');


#실습 4-42
SELECT `bookName` FROM `Book` ORDER BY `price` DESC LIMIT 1;
SELECT `bookName` FROM `Book` WHERE `price`=(SELECT MAX(`price`) FROM `Book`);

#실습 4-43
SELECT `name` FROM `Customer` AS a 
LEFT JOIN `Order` AS b ON a.custId = b.custId
WHERE `orderId` IS NULL;


SELECT 
	`name` 
FROM `Customer` 
	WHERE `custId` NOT IN (SELECT DISTINCT `custId` FROM `Order`);
    

#실습 4-44
INSERT INTO `Book` SET
					`bookId` = 11, 
					`bookName` = '스포츠의학',
					`publisher` = '한솔의학서적';

#실습 4-45
UPDATE `Customer` SET `address`='대한민국 부산' WHERE `custId`=5;

#실습 4-46
DELETE FROM `Customer` WHERE `custId`=5;